t_change_point,alt_1_rank,alt_2_rank,alt_3_rank,alt_4_rank,alt_5_rank
0.7844484660502471,5,2,3,4,1
0.8680284296671286,5,3,2,4,1
0.9124279067900147,5,4,2,3,1
0.9805651977800004,4,5,2,3,1
1.0514272615407427,3,5,2,4,1
1.1662691632601887,4,3,2,5,1
